Bonjour Monsieur Sornay, 

Suite à notre entretien Teams et à l’échange que j’ai eu avec Monsieur Carre lors de l’Alternance Dating, je me permets de vous readresser ma candidature pour une alternance en développement web et mobile, pour une durée de un à deux ans.

Actuellement étudiant en première année de BUT Informatique à Vannes, j’ai obtenu un Baccalauréat STI2D mention très bien, section Européenne. 
Passionné par l’informatique depuis l’âge de 13 ans j'ai mené plusieurs projets personnels, tels que la création d’un outil collaboratif "Novasuite" développé en ReactJS ou encore la conception, aussi bien électronique que logiciel, d’une remorque électrique pour vélo. Tous mes plus grands projets dans le domaine de l'informatique sont détaillés dans mon portfolio.
En parallèle, j’ai travaillé trois étés en tant que saisonnier dans une entreprise de maraîchage, ce qui m’a appris rigueur, autonomie et esprit d’équipe.

Ces expériences m’ont permis d’acquérir une grande capacité d’adaptation et une approche pragmatique des problèmes techniques. Rejoindre Bic représenterait pour moi une occasion unique de contribuer activement à vos projets tout en développant mes compétences aux côtés de vos équipes

Vous trouverez mon CV en pièce jointe pour plus de détails sur mon parcours et mes compétences.

Bien cordialement